timestamp,air_temperature_C,soil_temperature_C,relative_humidity_pct,soil_moisture_pct,soil_pH,soil_EC_dS_m,nitrate_ppm,phosphorus_ppm,potassium_ppm,leaf_wetness_pct,solar_radiation_W_m2,wind_speed_m_s,rainfall_mm,irrigation_event,fertilizer_event,pesticide_level_ppm,growth_stage,disease_risk_score,disease_observed
2024-09-22,31.58,29.14,55.4,25.37,6.01,0.697,19.16,11.18,171.24,37.0,199.0,0.83,9.6,0,1,0.004,emergence,0.59,0
2024-09-23,30.8,28.83,57.9,25.06,6.05,0.783,17.24,5.7,163.42,36.0,170.6,1.17,2.1,0,0,0.015,emergence,0.619,1
2024-09-24,31.74,29.95,57.1,35.3,5.93,0.678,16.99,8.19,163.86,24.9,200.2,1.28,20.0,0,0,0.018,emergence,0.609,0
2024-09-25,32.77,31.47,57.5,39.91,6.03,0.67,18.95,7.7,166.36,36.2,157.4,0.73,12.5,0,0,0.018,emergence,0.676,0
2024-09-26,30.65,28.81,54.0,43.19,6.03,0.776,21.81,9.33,175.13,32.8,119.4,0.75,10.1,0,0,0.527,emergence,0.638,0
2024-09-27,30.63,29.02,57.2,52.64,5.89,0.743,23.89,9.12,156.42,30.8,186.3,1.12,19.3,0,0,0.313,emergence,0.721,0
2024-09-28,32.79,31.18,59.1,52.88,5.95,0.799,18.48,11.43,171.11,19.9,120.8,0.16,0.3,0,0,0.129,emergence,0.707,0
2024-09-29,31.8,31.41,63.0,52.35,5.98,0.641,18.95,11.93,170.92,42.5,171.4,1.65,1.2,0,0,0.029,emergence,0.912,0
2024-09-30,30.29,27.21,61.0,57.78,5.99,0.681,15.42,7.84,170.42,28.1,192.2,1.85,13.0,0,0,0.023,emergence,0.933,0
2024-10-01,31.48,29.07,65.8,57.59,5.96,0.754,24.87,9.0,157.22,7.1,177.6,0.72,0.7,0,0,0.039,emergence,0.796,0
2024-10-02,30.25,29.14,54.2,56.72,5.96,0.777,14.83,9.3,149.67,13.7,227.6,0.86,0.8,0,0,0.033,emergence,0.828,0
2024-10-03,30.22,28.01,60.8,55.49,6.08,0.801,22.54,7.81,167.23,0.0,122.7,1.86,0.2,0,0,0.031,emergence,0.743,0
2024-10-04,31.04,29.57,58.1,55.68,6.0,0.77,17.92,9.96,163.78,5.5,171.0,1.05,0.5,0,0,0.021,emergence,0.73,0
2024-10-05,28.43,26.56,66.1,57.81,5.97,0.772,17.21,8.66,169.84,35.7,174.7,1.49,4.5,0,0,0.024,emergence,1.0,0
2024-10-06,28.62,27.88,54.2,59.64,6.0,0.747,15.68,7.42,155.73,27.4,141.9,1.09,2.8,0,0,0.025,emergence,1.0,0
2024-10-07,29.98,27.31,54.1,58.99,6.03,0.848,26.23,8.61,166.93,37.3,147.8,2.09,2.1,0,0,0.02,emergence,1.0,0
2024-10-08,29.41,28.14,55.1,58.35,6.0,0.716,19.66,7.54,168.8,11.7,156.8,1.46,0.9,0,0,0.016,emergence,0.871,0
2024-10-09,30.96,30.01,49.1,58.81,5.99,0.792,19.06,10.6,159.12,44.0,151.6,1.51,2.0,0,0,0.0,emergence,0.997,0
2024-10-10,29.46,26.85,55.5,59.84,5.97,0.727,21.66,11.91,162.73,33.5,177.6,1.53,4.9,0,0,0.027,emergence,1.0,0
2024-10-11,28.81,27.28,54.6,60.07,5.97,0.806,17.05,9.44,161.96,20.0,166.4,0.87,0.7,0,0,0.03,emergence,0.962,0
2024-10-12,32.22,29.64,58.3,61.07,5.97,0.73,19.02,9.25,151.84,22.7,190.7,0.94,1.7,0,0,0.008,emergence,0.831,1
2024-10-13,30.15,28.17,59.1,63.68,6.02,0.821,19.19,9.32,162.16,37.1,200.1,1.69,7.6,0,0,0.026,emergence,1.0,0
2024-10-14,30.46,28.3,65.3,64.7,5.96,0.792,17.49,10.88,170.39,26.5,199.7,1.32,3.4,0,0,0.014,emergence,1.0,0
2024-10-15,28.62,25.18,61.7,65.67,6.03,0.876,22.64,10.86,157.09,5.5,176.1,0.55,0.9,0,0,0.016,emergence,0.956,0
2024-10-16,29.63,27.88,55.7,68.01,6.08,0.777,18.39,8.96,144.72,31.9,194.6,2.39,3.2,0,0,0.033,emergence,1.0,0
2024-10-17,30.36,28.45,54.4,67.96,6.03,0.815,14.4,9.53,150.4,8.0,214.6,1.87,0.1,0,0,0.01,emergence,0.901,0
2024-10-18,28.8,27.69,60.1,68.6,5.99,0.757,18.18,10.15,141.16,34.2,201.0,1.31,1.6,0,0,0.01,emergence,1.0,0
2024-10-19,30.58,28.94,52.9,68.77,5.95,0.784,19.85,7.48,165.21,30.0,237.6,1.14,3.2,0,0,0.038,emergence,1.0,0
2024-10-20,29.35,28.73,65.6,69.66,6.09,0.807,16.44,11.02,160.49,30.4,216.8,1.44,2.5,0,0,0.019,emergence,1.0,0
2024-10-21,29.67,27.73,63.0,70.99,5.95,0.727,16.69,11.82,149.85,46.6,236.4,1.64,3.1,0,0,0.032,emergence,1.0,0
2024-10-22,29.24,27.17,56.5,72.06,6.06,0.735,17.52,10.99,142.01,37.7,132.3,0.12,3.8,0,0,0.004,emergence,1.0,1
2024-10-23,32.12,30.01,51.6,72.14,6.05,0.838,22.85,7.39,146.17,24.8,198.2,2.62,2.7,0,0,0.005,emergence,0.959,1
2024-10-24,29.82,27.56,64.0,71.76,6.01,0.804,17.75,6.33,147.22,38.3,188.9,0.9,2.7,0,0,0.011,emergence,1.0,0
2024-10-25,28.51,25.18,58.2,70.82,6.01,0.784,23.53,10.37,152.68,33.8,195.0,1.38,2.1,0,0,0.015,emergence,1.0,0
2024-10-26,30.7,28.57,63.7,68.73,5.93,0.779,17.43,8.19,151.9,5.0,179.2,1.42,0.4,0,0,0.006,emergence,0.911,0
2024-10-27,28.18,24.94,52.4,70.84,6.04,0.783,20.28,9.78,161.51,39.9,210.4,2.61,4.5,0,0,0.024,emergence,1.0,0
2024-10-28,29.83,28.11,56.5,71.1,6.05,0.826,18.0,11.68,144.72,42.1,156.4,1.37,1.7,0,0,0.024,emergence,1.0,0
2024-10-29,27.16,24.42,59.0,71.82,5.97,0.845,21.63,8.42,137.68,29.8,212.9,2.39,3.3,0,0,0.011,emergence,1.0,0
2024-10-30,27.85,25.32,59.3,73.03,6.02,0.72,16.05,8.86,139.97,34.8,184.6,1.69,4.1,0,0,0.012,emergence,1.0,0
2024-10-31,29.61,27.21,57.4,72.99,6.03,0.897,21.67,9.87,148.53,1.7,192.5,0.89,0.9,0,0,0.013,emergence,0.948,0
2024-11-01,30.19,28.07,61.7,72.67,6.06,0.896,19.83,7.54,142.36,38.6,217.1,1.56,1.0,0,0,0.008,emergence,1.0,0
2024-11-02,29.44,27.44,55.1,71.53,6.03,0.715,17.61,8.38,145.34,33.6,209.2,1.42,1.2,0,0,0.0,emergence,1.0,0
2024-11-03,29.02,27.67,58.9,74.25,5.95,0.888,19.07,9.58,143.53,35.2,234.7,0.85,5.3,0,0,0.019,emergence,1.0,0
2024-11-04,28.72,26.38,60.0,74.13,6.01,0.888,24.22,9.12,154.57,3.4,185.2,1.73,0.5,0,0,0.016,emergence,1.0,0
2024-11-05,27.23,25.52,61.7,76.82,6.05,0.838,20.07,10.52,141.44,34.4,208.5,1.54,6.1,0,0,0.017,emergence,1.0,0
2024-11-06,28.07,27.71,62.6,77.95,6.08,0.775,17.6,13.78,142.61,45.2,233.9,1.88,2.1,0,1,0.01,emergence,1.0,0
2024-11-07,28.3,26.53,55.4,77.82,6.01,0.893,16.14,9.82,150.85,49.3,221.7,1.67,2.3,0,0,0.028,emergence,1.0,0
2024-11-08,30.04,27.93,53.8,80.08,6.15,0.832,21.32,8.44,140.09,37.3,224.4,1.18,4.0,0,0,0.044,emergence,1.0,1
2024-11-09,29.1,26.64,65.2,80.25,5.95,0.873,20.45,11.86,147.49,34.4,242.5,2.05,1.9,0,0,0.012,emergence,1.0,0
2024-11-10,26.49,24.38,61.5,82.73,6.02,0.959,22.0,7.38,146.25,25.4,205.7,1.23,4.6,0,0,0.034,emergence,1.0,0
2024-11-11,28.92,26.38,57.3,83.14,6.05,0.862,15.58,7.72,144.22,0.4,201.5,0.0,0.9,0,0,0.024,emergence,1.0,0
2024-11-12,27.98,26.14,66.6,84.66,6.04,0.806,16.51,8.95,133.51,34.2,232.3,1.7,5.9,0,0,0.02,emergence,1.0,0
2024-11-13,27.55,25.61,61.0,85.0,5.99,0.837,23.53,9.45,151.93,30.7,215.2,1.31,1.0,0,0,0.017,emergence,1.0,0
2024-11-14,29.01,25.71,65.4,87.65,6.08,0.816,21.14,8.98,159.36,31.3,248.0,1.88,6.1,0,0,0.019,emergence,1.0,0
2024-11-15,29.42,27.41,61.0,87.54,6.08,0.879,21.81,9.9,141.17,44.5,230.1,2.87,1.1,0,0,0.031,emergence,1.0,0
2024-11-16,29.21,27.86,69.1,87.43,6.06,0.819,17.38,10.4,132.24,35.2,206.3,2.9,1.3,0,0,0.009,emergence,1.0,1
2024-11-17,27.0,24.76,68.0,87.04,6.08,0.837,17.39,11.63,140.35,5.7,231.3,1.6,0.5,0,0,0.017,emergence,1.0,0
2024-11-18,27.55,25.15,60.1,87.44,6.05,0.798,23.37,10.2,147.55,1.0,201.2,1.21,0.7,0,0,0.032,emergence,1.0,0
2024-11-19,28.22,25.4,65.1,88.13,5.99,0.858,23.58,9.26,134.23,42.1,248.4,2.07,1.7,0,0,0.03,emergence,1.0,0
2024-11-20,28.91,25.79,63.9,88.61,6.04,0.875,17.27,11.67,137.64,33.7,190.7,1.51,2.2,0,0,0.009,emergence,1.0,0
2024-11-21,27.07,25.57,67.0,89.01,6.08,0.733,16.77,8.96,140.92,31.9,257.1,1.99,4.3,0,0,0.018,tillering,1.0,0
2024-11-22,27.33,25.22,57.7,89.52,6.09,0.882,20.35,7.78,147.34,25.5,235.5,1.37,1.4,0,0,0.027,tillering,1.0,0
2024-11-23,26.13,24.59,64.5,90.87,6.08,0.868,18.35,12.08,143.45,34.6,224.2,1.93,2.5,0,0,0.027,tillering,1.0,0
2024-11-24,25.93,24.84,66.1,93.24,6.11,0.834,18.36,12.02,143.32,31.7,248.3,1.3,2.1,0,0,0.03,tillering,1.0,0
2024-11-25,28.24,26.79,54.9,94.9,6.06,0.975,17.14,9.17,132.91,45.1,242.8,2.51,2.8,0,0,0.024,tillering,1.0,0
2024-11-26,28.8,26.47,57.4,93.14,6.09,0.923,19.57,9.8,139.08,16.1,264.1,1.46,0.8,0,0,0.026,tillering,1.0,1
2024-11-27,26.99,25.07,54.1,93.11,6.12,0.822,17.59,9.07,129.64,0.0,264.7,2.23,0.9,0,0,0.023,tillering,1.0,0
2024-11-28,28.18,25.81,61.3,94.35,6.09,0.92,17.84,10.98,141.73,0.0,241.3,1.09,0.8,0,0,0.036,tillering,1.0,0
2024-11-29,27.31,24.89,65.4,96.8,6.04,0.941,22.1,13.13,143.73,33.3,211.5,2.33,5.0,0,0,0.016,tillering,1.0,0
2024-11-30,26.01,24.21,68.6,99.54,6.05,0.887,21.12,11.63,138.51,30.1,220.5,1.29,6.0,0,0,0.02,tillering,1.0,0
2024-12-01,27.12,24.62,63.1,100.14,6.15,0.9,22.82,12.17,130.7,6.3,233.0,2.04,0.9,0,0,0.01,tillering,1.0,0
2024-12-02,28.43,25.1,69.4,99.47,6.18,0.9,16.51,11.9,131.58,3.0,262.6,2.51,0.9,0,0,0.008,tillering,1.0,1
2024-12-03,26.44,23.91,57.5,100.93,6.17,0.78,21.57,10.71,147.24,36.7,224.9,1.79,3.2,0,0,0.023,tillering,1.0,1
2024-12-04,28.26,26.08,56.3,103.36,6.13,0.876,27.85,12.39,129.56,41.1,227.7,1.3,6.5,0,0,0.013,tillering,1.0,1
2024-12-05,23.14,22.05,63.1,106.84,6.06,0.874,20.59,11.92,140.35,28.6,283.9,2.23,7.7,0,0,0.019,tillering,1.0,0
2024-12-06,27.17,24.87,65.0,107.35,6.12,0.959,24.27,13.01,134.25,11.0,235.7,1.44,0.8,0,0,0.036,tillering,1.0,1
2024-12-07,26.18,24.49,63.4,106.66,6.2,0.905,24.33,10.21,128.46,30.6,223.1,1.72,1.1,0,0,0.536,tillering,1.0,0
2024-12-08,25.62,23.52,55.4,108.37,6.16,0.874,24.57,8.34,119.98,47.9,259.1,2.13,2.3,0,0,0.342,tillering,1.0,0
2024-12-09,25.98,24.72,63.5,108.75,6.12,0.886,22.56,12.57,132.04,44.7,238.9,2.8,2.4,0,0,0.136,tillering,1.0,0
2024-12-10,23.39,22.08,58.8,109.3,6.16,0.942,23.85,11.57,130.69,34.3,206.1,2.01,1.4,0,0,0.044,tillering,1.0,0
2024-12-11,25.41,24.11,66.8,108.02,6.07,0.883,24.34,10.65,144.03,0.0,267.5,2.02,0.6,0,0,0.024,tillering,1.0,0
2024-12-12,26.0,22.96,65.7,108.93,6.1,0.858,24.24,10.79,122.32,28.1,223.3,2.46,1.7,0,0,0.011,tillering,1.0,0
2024-12-13,27.24,25.36,60.6,113.37,6.09,0.88,19.07,15.03,147.19,40.2,243.7,2.06,7.7,0,0,0.01,tillering,1.0,0
2024-12-14,24.74,23.19,62.5,112.99,6.17,0.941,17.4,10.28,131.5,4.8,241.4,2.42,0.9,0,0,0.034,tillering,1.0,0
2024-12-15,24.29,22.52,60.4,112.78,6.18,0.92,17.95,10.02,131.14,40.6,249.4,2.7,2.2,0,0,0.021,tillering,1.0,0
2024-12-16,24.55,22.93,64.5,113.04,6.14,0.898,21.9,11.47,123.02,18.2,189.3,1.87,0.9,0,0,0.021,tillering,1.0,0
2024-12-17,26.15,24.19,68.8,115.36,6.11,0.906,24.59,13.17,129.94,30.4,236.2,0.11,3.3,0,0,0.015,tillering,1.0,0
2024-12-18,25.34,22.9,61.1,117.71,6.16,0.869,19.59,14.87,130.87,27.6,273.2,1.6,7.9,0,0,0.016,tillering,1.0,0
2024-12-19,24.21,21.19,67.2,117.95,6.14,0.888,25.77,12.48,134.25,36.2,277.1,2.82,3.1,0,0,0.024,tillering,1.0,0
2024-12-20,25.36,22.97,63.2,119.48,6.13,0.865,21.59,9.64,118.6,41.9,221.1,2.09,4.7,0,0,0.009,tillering,1.0,0
2024-12-21,24.76,24.36,62.3,120.27,6.19,0.883,21.72,14.56,137.37,29.4,269.3,1.92,3.8,0,1,0.023,tillering,1.0,0
2024-12-22,25.7,23.41,65.2,120.56,6.13,0.966,20.79,11.62,128.7,35.2,227.6,2.83,2.9,0,0,0.035,tillering,1.0,0
2024-12-23,23.59,20.41,61.6,121.4,6.1,0.845,17.74,10.45,130.37,43.2,237.7,2.08,5.8,0,0,0.0,tillering,1.0,0
2024-12-24,23.94,22.38,63.7,123.09,6.11,0.865,24.18,10.14,123.44,25.2,239.3,0.89,3.2,0,0,0.005,tillering,1.0,0
2024-12-25,23.76,22.27,61.2,123.7,6.1,0.837,28.73,13.06,117.5,36.4,250.4,1.26,1.4,0,0,0.027,tillering,1.0,0
2024-12-26,22.37,21.14,74.0,123.03,6.2,0.826,23.51,12.22,125.22,31.8,273.0,2.42,2.0,0,0,0.034,tillering,1.0,0
2024-12-27,24.38,22.66,66.4,125.03,6.2,0.89,18.24,12.43,125.87,35.7,254.9,2.14,2.5,0,0,0.015,tillering,1.0,0
2024-12-28,24.23,22.74,63.6,126.52,6.2,0.869,26.24,13.89,113.02,39.3,245.4,3.06,1.1,0,1,0.0,tillering,1.0,0
2024-12-29,23.83,22.93,67.4,126.58,6.23,0.988,19.12,10.81,130.2,36.3,272.9,1.76,2.1,0,0,0.034,tillering,1.0,0
2024-12-30,23.44,20.99,66.3,128.05,6.26,0.886,20.47,14.11,131.57,28.9,228.9,2.02,1.8,0,0,0.012,tillering,1.0,0
2024-12-31,21.92,19.35,66.0,128.92,6.17,0.964,23.49,11.34,117.52,32.0,247.2,1.68,3.2,0,0,0.016,tillering,1.0,0
2025-01-01,23.11,20.46,69.3,133.55,6.22,0.948,24.57,15.36,115.18,43.6,274.1,1.9,9.7,0,0,0.023,tillering,1.0,0
2025-01-02,23.11,20.95,70.0,133.65,6.13,0.889,21.28,13.07,120.7,37.0,262.6,1.09,2.2,0,0,0.013,tillering,1.0,0
2025-01-03,22.46,21.32,65.0,138.42,6.28,1.005,23.58,10.84,123.09,40.0,237.8,2.0,6.6,0,0,0.011,tillering,1.0,0
2025-01-04,23.13,21.44,64.9,139.39,6.15,0.913,26.66,9.23,120.57,36.5,211.8,2.21,3.1,0,0,0.011,tillering,1.0,0
2025-01-05,23.7,22.0,66.3,140.16,6.18,0.975,27.17,13.54,121.99,39.9,257.5,2.17,2.1,0,0,0.039,tillering,1.0,0
2025-01-06,25.38,22.29,58.3,139.65,6.19,0.969,28.47,11.81,124.04,32.6,210.4,3.55,1.0,0,0,0.032,tillering,1.0,0
2025-01-07,23.23,20.82,61.6,141.84,6.15,0.92,30.55,12.19,111.13,30.4,244.6,3.37,2.1,0,0,0.026,tillering,1.0,0
2025-01-08,23.24,20.13,73.2,143.98,6.23,0.936,27.35,13.62,111.87,39.6,279.4,1.82,2.0,0,0,0.0,tillering,1.0,0
2025-01-09,22.74,21.44,74.5,145.31,6.24,0.929,24.38,14.04,99.94,11.8,264.9,1.05,0.7,0,0,0.026,tillering,1.0,0
2025-01-10,20.43,19.38,67.0,146.3,6.22,0.841,27.71,14.41,129.09,0.0,199.4,2.23,0.9,0,0,0.025,tillering,1.0,0
2025-01-11,22.61,21.07,70.5,146.74,6.16,0.9,26.63,10.87,121.51,31.5,255.0,2.52,2.5,0,0,0.007,tillering,1.0,0
2025-01-12,22.62,20.02,69.5,150.36,6.34,0.951,26.85,14.82,129.62,34.0,242.0,1.78,6.6,0,0,0.023,tillering,1.0,0
2025-01-13,25.41,24.3,80.7,150.69,6.27,0.973,25.97,11.86,111.99,54.7,218.1,1.82,1.6,0,0,0.031,tillering,1.0,0
2025-01-14,22.13,19.97,73.0,151.53,6.38,0.86,22.81,9.39,121.16,8.4,258.2,3.26,0.2,0,0,0.026,tillering,1.0,0
2025-01-15,22.63,19.9,68.1,152.32,6.21,0.921,22.56,11.06,122.56,0.0,237.4,2.17,0.4,0,0,0.013,tillering,1.0,0
2025-01-16,22.13,19.55,64.9,153.2,6.3,0.902,25.46,13.2,116.23,34.4,237.5,2.72,3.4,0,0,0.52,tillering,1.0,0
2025-01-17,20.68,18.42,62.5,153.86,6.3,0.888,26.3,11.46,108.18,3.5,252.6,1.77,0.3,0,0,0.327,tillering,1.0,0
2025-01-18,23.36,21.39,69.8,156.0,6.25,0.911,23.91,12.84,134.48,28.0,233.7,2.3,3.9,0,0,0.121,tillering,1.0,0
2025-01-19,22.81,20.71,66.1,155.06,6.33,0.903,27.32,13.53,131.62,34.4,251.6,2.14,3.2,0,0,0.033,tillering,1.0,0
2025-01-20,22.76,19.92,63.6,156.14,6.25,0.918,32.4,12.8,117.28,33.3,234.1,1.94,1.6,0,0,0.024,tillering,1.0,0
2025-01-21,20.64,19.37,66.8,155.93,6.25,0.962,21.02,12.38,124.35,2.8,235.3,3.05,0.7,0,0,0.028,tillering,1.0,0
2025-01-22,23.33,21.24,65.2,155.52,6.1,0.929,28.1,11.29,116.32,32.6,273.3,1.52,1.3,0,0,0.028,tillering,1.0,0
2025-01-23,19.88,17.45,76.3,155.89,6.3,0.904,26.26,13.25,112.18,43.8,275.6,2.54,2.5,0,0,0.009,tillering,1.0,0
2025-01-24,22.18,20.84,73.2,155.62,6.21,0.981,27.91,10.17,134.72,2.8,205.3,2.15,0.3,0,0,0.02,tillering,1.0,0
2025-01-25,24.02,21.31,69.8,158.63,6.26,0.942,25.36,12.28,106.82,35.3,266.4,2.62,6.1,0,0,0.017,tillering,1.0,0
2025-01-26,20.12,17.14,75.8,158.55,6.24,0.881,26.32,11.96,117.75,34.6,282.3,2.17,2.5,0,0,0.03,tillering,1.0,0
2025-01-27,20.55,19.31,70.3,159.84,6.27,0.823,27.24,13.04,120.69,32.0,286.0,2.9,2.7,0,0,0.025,tillering,1.0,0
2025-01-28,21.27,20.4,66.7,161.65,6.31,0.834,26.05,13.13,133.21,35.5,259.7,1.82,3.2,0,0,0.018,tillering,1.0,1
2025-01-29,20.46,18.19,76.3,165.71,6.3,0.928,22.49,14.93,127.17,35.4,219.9,3.08,5.6,0,0,0.007,tillering,1.0,0
2025-01-30,19.13,17.1,72.5,165.75,6.33,0.849,26.44,15.91,106.63,35.5,261.6,2.37,2.1,0,0,0.004,tillering,1.0,0
2025-01-31,21.0,18.31,66.3,166.93,6.37,0.829,22.99,11.9,120.0,29.8,223.7,1.59,3.4,0,0,0.523,tillering,1.0,0
2025-02-01,19.57,17.57,69.8,167.34,6.29,0.84,29.3,16.61,120.22,3.8,236.5,2.8,0.8,0,0,0.313,tillering,1.0,0
2025-02-02,21.33,19.05,67.1,171.85,6.28,0.842,21.84,12.5,118.25,39.6,254.2,2.27,7.7,0,0,0.127,tillering,1.0,0
2025-02-03,19.59,17.53,65.2,172.42,6.36,0.918,30.61,13.97,125.08,33.9,224.0,1.37,2.0,0,0,0.004,tillering,1.0,0
2025-02-04,22.48,20.73,74.5,173.42,6.37,0.866,28.91,14.52,108.9,6.0,215.0,2.59,0.7,0,1,0.036,tillering,1.0,0
2025-02-05,19.61,16.95,78.6,172.21,6.35,0.803,29.01,17.46,116.96,36.0,254.7,3.0,1.0,0,0,0.027,tillering,1.0,0
2025-02-06,20.1,17.88,65.4,171.03,6.27,0.872,21.31,13.02,124.13,7.5,289.3,3.17,0.1,0,0,0.021,tillering,1.0,0
2025-02-07,21.39,18.31,73.4,171.55,6.34,0.88,26.91,11.18,125.82,38.4,273.1,2.17,1.0,0,0,0.037,tillering,1.0,0
2025-02-08,18.87,16.66,68.6,172.1,6.33,0.843,31.45,16.15,121.66,34.0,259.1,2.49,3.6,0,0,0.029,tillering,1.0,0
2025-02-09,20.56,18.5,69.3,172.26,6.38,0.924,26.52,12.71,118.25,29.5,265.4,2.43,2.7,0,0,0.015,tillering,1.0,0
2025-02-10,21.79,19.93,69.0,171.79,6.3,0.843,24.93,13.45,119.71,0.0,256.2,3.29,0.5,0,0,0.021,tillering,1.0,0
2025-02-11,18.23,16.38,68.0,173.12,6.25,0.918,26.34,12.36,126.7,41.1,250.9,1.91,1.6,0,0,0.0,tillering,1.0,1
2025-02-12,20.32,18.86,71.7,172.25,6.37,0.891,28.13,13.53,121.17,39.6,261.5,2.12,1.7,0,0,0.531,tillering,1.0,0
2025-02-13,20.35,17.43,68.3,172.34,6.21,0.905,25.87,12.85,112.69,8.9,204.1,1.9,0.3,0,0,0.317,tillering,1.0,0
2025-02-14,20.92,18.03,72.8,173.6,6.3,0.802,32.21,15.16,111.3,39.9,242.7,1.53,1.4,0,0,0.1,tillering,1.0,0
2025-02-15,18.44,16.76,71.6,174.21,6.29,0.86,28.4,14.3,109.4,34.0,235.0,2.55,1.8,0,0,0.008,tillering,1.0,0
2025-02-16,18.29,15.07,70.9,174.46,6.29,0.851,27.0,13.19,133.11,31.3,238.2,3.36,1.3,0,0,0.029,tillering,1.0,0
2025-02-17,20.45,18.56,68.3,174.93,6.31,0.781,24.85,15.74,128.09,0.0,224.0,2.28,0.7,0,0,0.036,tillering,1.0,0
2025-02-18,20.13,17.42,69.7,174.8,6.41,0.905,30.29,14.67,120.95,0.0,247.8,1.86,0.5,0,0,0.02,tillering,1.0,0
2025-02-19,20.02,18.96,75.1,176.34,6.39,0.807,30.3,11.55,118.35,42.3,213.6,2.5,1.3,0,0,0.01,tillering,1.0,0
2025-02-20,20.09,18.24,74.1,175.68,6.34,0.815,26.61,15.73,117.58,2.0,219.9,2.74,0.9,0,0,0.006,tillering,1.0,0
2025-02-21,18.81,16.68,68.3,177.02,6.41,0.793,22.36,14.66,131.12,41.3,216.1,2.29,3.0,0,0,0.034,tillering,1.0,0
2025-02-22,19.86,18.6,72.6,179.92,6.31,0.877,30.37,16.5,137.81,33.9,253.3,3.23,5.9,0,0,0.024,tillering,1.0,1
2025-02-23,19.89,17.25,75.3,181.47,6.3,0.763,28.65,14.63,117.95,30.9,230.6,1.89,4.1,0,0,0.017,tillering,1.0,0
2025-02-24,18.64,16.11,65.7,179.96,6.41,0.869,30.3,13.28,132.12,28.4,218.5,2.21,1.8,0,0,0.014,tillering,1.0,0
2025-02-25,21.69,18.94,74.6,179.94,6.39,0.888,35.23,14.19,123.46,1.5,219.8,2.55,0.8,0,0,0.027,tillering,1.0,0
2025-02-26,19.98,17.47,69.8,182.46,6.34,0.86,29.35,15.73,121.78,43.5,228.4,2.61,4.0,0,0,0.026,tillering,1.0,0
2025-02-27,17.95,15.99,74.8,184.59,6.31,0.867,27.96,13.4,135.76,28.5,268.0,2.4,3.2,0,0,0.011,tillering,1.0,0
2025-02-28,20.13,18.43,69.5,187.43,6.44,0.867,26.12,13.92,123.89,47.7,195.6,1.6,5.5,0,0,0.009,tillering,1.0,0
2025-03-01,18.14,16.72,65.4,187.51,6.29,0.779,28.7,14.28,126.61,30.0,242.5,3.76,2.1,0,0,0.009,tillering,1.0,0
2025-03-02,20.22,17.13,66.1,191.31,6.34,0.896,30.18,12.91,126.49,39.5,236.5,2.21,7.4,0,0,0.015,tillering,1.0,0
2025-03-03,20.64,18.53,72.9,191.68,6.39,0.799,29.92,13.52,111.78,34.1,201.7,2.42,2.1,0,0,0.013,tillering,1.0,1
2025-03-04,18.23,15.57,73.7,192.24,6.47,0.817,34.99,14.94,127.37,3.1,259.5,2.71,0.8,0,0,0.036,tillering,1.0,0
2025-03-05,20.35,18.23,69.1,192.61,6.4,0.801,31.38,16.51,120.85,0.0,235.4,1.96,1.0,0,0,0.015,tillering,1.0,0
2025-03-06,19.66,19.06,75.3,193.1,6.4,0.84,29.54,15.2,114.28,34.4,208.2,2.37,2.9,0,0,0.008,tillering,1.0,0
2025-03-07,20.13,18.31,66.2,192.61,6.35,0.786,27.88,14.68,121.82,0.0,173.4,1.92,0.9,0,0,0.008,tillering,1.0,0
2025-03-08,21.4,19.94,72.6,196.3,6.41,0.814,30.86,13.52,122.07,24.9,224.6,2.57,7.3,0,0,0.018,tillering,1.0,0
2025-03-09,18.81,17.98,68.0,197.32,6.39,0.747,27.39,16.43,134.83,35.7,216.8,2.15,2.7,0,0,0.002,tillering,1.0,0
2025-03-10,18.18,16.86,70.3,197.44,6.31,0.864,30.71,15.46,118.41,31.2,191.1,2.47,1.8,0,0,0.019,tillering,1.0,0
2025-03-11,18.0,15.73,73.1,197.59,6.43,0.837,31.68,13.76,120.93,45.1,189.8,1.68,2.0,0,0,0.007,tillering,1.0,0
2025-03-12,18.07,15.31,69.5,197.89,6.44,0.787,29.62,16.19,129.47,41.0,236.5,1.8,1.3,0,0,0.032,tillering,1.0,0
2025-03-13,18.95,16.93,71.4,199.05,6.43,0.775,28.43,15.7,117.33,15.2,164.9,1.47,0.1,0,0,0.021,tillering,1.0,0
2025-03-14,19.44,17.1,77.0,198.95,6.39,0.829,23.81,13.65,123.02,0.9,220.6,1.86,1.0,0,0,0.041,tillering,1.0,0
2025-03-15,19.35,16.44,70.7,202.09,6.34,0.759,33.84,14.73,115.33,35.8,207.0,0.73,6.6,0,0,0.018,tillering,1.0,0
2025-03-16,20.01,18.15,76.3,203.06,6.28,0.798,31.66,14.16,136.38,19.3,223.0,2.08,2.2,0,0,0.0,tillering,1.0,0
2025-03-17,19.02,17.18,68.5,204.26,6.4,0.847,31.78,18.86,126.98,33.3,202.1,1.94,4.5,0,0,0.035,tillering,1.0,0
2025-03-18,20.75,19.81,75.1,204.92,6.45,0.746,25.85,15.72,129.64,35.6,215.7,2.34,4.6,0,0,0.025,tillering,1.0,0
2025-03-19,18.68,16.47,78.8,204.79,6.44,0.802,34.71,15.22,137.48,35.9,188.7,2.27,1.7,0,0,0.027,tillering,1.0,0
2025-03-20,22.26,20.43,63.1,206.3,6.44,0.797,29.22,15.66,124.76,34.7,204.9,2.99,3.3,0,0,0.01,tillering,1.0,0
2025-03-21,19.75,17.35,69.8,206.26,6.39,0.774,29.78,17.02,128.44,5.4,217.3,3.79,0.1,0,1,0.02,grand_growth,1.0,0
2025-03-22,17.98,16.5,75.3,209.82,6.45,0.751,27.47,14.84,122.89,18.7,207.7,2.9,6.2,0,0,0.022,grand_growth,1.0,0
2025-03-23,17.72,15.65,72.2,212.7,6.44,0.835,25.35,14.09,123.28,36.5,212.3,1.94,5.8,0,1,0.018,grand_growth,1.0,0
2025-03-24,19.6,16.89,74.5,213.85,6.38,0.741,34.22,16.24,124.79,37.9,178.4,1.91,2.8,0,0,0.003,grand_growth,1.0,0
2025-03-25,18.76,16.75,70.6,214.36,6.43,0.678,34.63,14.72,128.64,43.0,185.7,2.71,2.3,0,0,0.048,grand_growth,1.0,1
2025-03-26,19.89,18.13,73.3,215.71,6.37,0.798,30.3,13.38,129.92,37.2,185.0,1.17,1.7,0,0,0.028,grand_growth,1.0,0
2025-03-27,19.61,17.77,72.3,217.28,6.43,0.703,28.79,13.1,135.74,34.2,191.3,1.99,5.0,0,0,0.024,grand_growth,1.0,0
2025-03-28,18.97,17.6,77.6,218.04,6.33,0.796,29.72,17.29,126.73,41.6,231.0,2.02,3.6,0,0,0.033,grand_growth,1.0,0
2025-03-29,18.06,15.19,73.9,218.57,6.34,0.825,29.82,15.2,136.85,0.0,187.0,2.51,0.3,0,0,0.026,grand_growth,1.0,0
2025-03-30,17.28,14.77,74.2,218.64,6.45,0.787,27.29,14.12,138.62,31.9,166.1,2.51,2.4,0,0,0.013,grand_growth,1.0,0
2025-03-31,18.58,16.96,71.2,222.3,6.45,0.807,30.03,14.65,131.44,30.4,207.0,1.69,3.7,0,0,0.032,grand_growth,1.0,0
2025-04-01,20.16,17.73,70.9,222.3,6.43,0.852,31.39,16.21,129.2,4.8,226.0,1.88,0.3,0,0,0.029,grand_growth,1.0,0
2025-04-02,19.41,17.56,71.1,222.48,6.4,0.796,34.0,14.56,136.77,0.0,159.6,2.38,0.2,0,0,0.014,grand_growth,1.0,0
2025-04-03,17.68,14.23,74.3,222.39,6.28,0.762,31.0,12.82,134.93,42.9,239.2,1.62,1.3,0,0,0.028,grand_growth,1.0,0
2025-04-04,19.41,19.04,71.0,223.09,6.4,0.825,26.24,15.48,138.78,33.5,199.1,2.82,2.3,0,0,0.018,grand_growth,1.0,0
2025-04-05,19.7,17.53,73.8,224.19,6.42,0.828,32.04,16.8,150.04,36.9,213.4,2.45,3.2,0,0,0.022,grand_growth,1.0,0
2025-04-06,18.2,16.92,81.0,223.75,6.37,0.826,30.22,16.7,138.5,16.3,223.0,2.17,0.2,0,0,0.026,grand_growth,1.0,0
2025-04-07,19.48,17.28,76.1,226.0,6.36,0.711,35.1,14.14,133.32,42.6,209.4,2.29,3.8,0,0,0.034,grand_growth,1.0,0
2025-04-08,19.4,17.65,71.3,228.05,6.47,0.665,35.28,16.88,131.78,23.8,181.2,1.77,5.2,0,0,0.014,grand_growth,1.0,0
2025-04-09,17.99,16.88,77.3,230.01,6.4,0.702,35.39,15.28,132.57,35.7,213.2,1.66,2.5,0,0,0.024,grand_growth,1.0,0
2025-04-10,19.83,18.53,70.8,234.68,6.42,0.763,29.32,16.82,128.17,41.9,187.9,1.77,5.5,0,0,0.04,grand_growth,1.0,0
2025-04-11,20.11,17.99,64.3,234.83,6.44,0.733,36.97,15.81,147.82,34.4,207.6,2.31,1.2,0,0,0.018,grand_growth,1.0,0
2025-04-12,20.77,18.69,68.3,235.17,6.35,0.712,32.05,12.65,122.99,0.0,209.1,2.12,0.9,0,0,0.022,grand_growth,1.0,0
2025-04-13,20.78,19.38,64.8,235.98,6.41,0.748,35.87,17.55,145.25,31.4,150.6,1.74,1.5,0,0,0.04,grand_growth,1.0,0
2025-04-14,17.9,17.3,70.9,237.55,6.46,0.644,29.48,14.99,134.9,2.6,196.5,2.43,0.4,0,0,0.026,grand_growth,1.0,0
2025-04-15,18.48,16.59,72.3,237.79,6.49,0.722,30.08,15.77,138.24,0.7,170.9,1.86,0.9,0,0,0.005,grand_growth,1.0,0
2025-04-16,20.27,19.44,78.8,237.79,6.4,0.768,31.79,12.87,135.66,34.1,177.7,1.54,1.8,0,0,0.012,grand_growth,1.0,0
2025-04-17,20.31,18.17,73.4,237.56,6.38,0.737,31.41,15.63,154.91,44.0,176.3,2.09,2.0,0,0,0.027,grand_growth,1.0,1
2025-04-18,20.36,18.93,71.1,238.65,6.41,0.742,34.71,16.51,143.98,31.4,174.1,1.32,2.7,0,0,0.024,grand_growth,1.0,0
2025-04-19,24.42,23.08,75.3,245.36,6.4,0.785,30.23,17.74,150.68,32.1,208.8,0.9,15.0,0,0,0.022,grand_growth,1.0,1
2025-04-20,20.53,18.29,63.0,247.0,6.46,0.699,34.41,16.92,155.27,7.8,135.3,1.9,0.5,0,0,0.042,grand_growth,1.0,0
2025-04-21,21.26,18.82,72.7,249.77,6.34,0.667,33.09,15.64,146.68,34.0,125.2,1.49,3.2,0,0,0.014,grand_growth,1.0,0
2025-04-22,21.1,19.79,74.8,249.83,6.37,0.757,30.23,12.47,136.32,27.0,118.8,1.72,2.3,0,0,0.019,grand_growth,1.0,0
2025-04-23,20.79,18.48,65.7,249.42,6.33,0.754,32.81,14.97,144.63,4.6,192.7,1.28,0.8,0,0,0.0,grand_growth,1.0,0
2025-04-24,19.69,17.16,76.1,250.77,6.33,0.721,29.41,13.86,140.97,34.4,145.4,2.58,3.0,0,0,0.032,grand_growth,1.0,1
2025-04-25,21.04,18.63,72.8,251.9,6.4,0.682,37.85,15.08,143.39,10.9,166.9,1.44,0.5,0,0,0.012,grand_growth,1.0,0
2025-04-26,19.26,16.94,69.7,252.62,6.42,0.688,22.78,12.88,147.18,29.2,159.5,1.56,1.7,0,0,0.031,grand_growth,1.0,0
2025-04-27,19.97,18.48,73.9,256.3,6.35,0.622,32.76,14.37,147.38,40.9,139.1,2.04,8.8,0,0,0.03,grand_growth,1.0,0
2025-04-28,19.74,18.04,80.3,256.57,6.42,0.739,25.42,13.88,152.26,44.4,181.4,0.97,1.0,0,0,0.043,grand_growth,1.0,0
2025-04-29,20.48,18.91,71.9,256.78,6.43,0.735,30.0,13.81,153.94,28.4,155.8,0.91,1.9,0,0,0.026,grand_growth,1.0,0
2025-04-30,23.23,21.48,72.1,257.1,6.47,0.613,30.39,13.8,148.93,0.0,151.9,2.0,0.4,0,0,0.016,grand_growth,1.0,0
2025-05-01,18.28,15.92,69.1,258.07,6.38,0.72,35.14,14.38,153.74,46.6,162.5,1.49,3.3,0,0,0.025,grand_growth,1.0,1
2025-05-02,21.41,19.83,67.5,257.72,6.34,0.694,28.5,14.99,146.64,4.0,173.5,1.2,0.7,0,0,0.012,grand_growth,1.0,0
2025-05-03,18.72,17.43,74.1,259.68,6.32,0.621,34.46,10.78,162.07,40.6,130.4,2.09,2.3,0,0,0.023,grand_growth,1.0,1
2025-05-04,20.16,18.51,67.3,261.04,6.31,0.61,26.96,10.94,147.54,24.8,175.1,1.23,4.4,0,0,0.018,grand_growth,1.0,0
2025-05-05,22.11,20.38,70.9,260.23,6.43,0.686,34.49,13.96,162.16,50.8,188.4,1.54,1.3,0,1,0.019,grand_growth,1.0,0
2025-05-06,20.95,18.49,68.6,261.56,6.29,0.646,28.99,14.15,141.28,40.4,115.4,1.15,3.0,0,0,0.011,grand_growth,1.0,0
2025-05-07,19.66,17.79,72.3,262.33,6.42,0.754,30.58,14.7,150.56,33.5,156.9,1.86,2.5,0,0,0.023,grand_growth,1.0,0
2025-05-08,20.17,17.68,71.6,264.79,6.32,0.709,29.31,13.29,151.47,33.2,141.3,2.46,4.5,0,0,0.028,grand_growth,1.0,0
2025-05-09,21.92,19.91,74.3,266.26,6.32,0.683,34.11,14.36,156.86,39.4,165.3,0.53,3.0,0,0,0.003,grand_growth,1.0,1
2025-05-10,20.31,17.33,68.0,268.72,6.35,0.683,33.48,14.51,162.03,39.1,116.3,1.7,5.4,0,1,0.013,grand_growth,1.0,0
2025-05-11,21.53,18.55,68.9,269.04,6.32,0.722,31.5,13.18,145.65,36.1,186.4,2.13,1.3,0,0,0.022,grand_growth,1.0,0
2025-05-12,21.4,19.29,66.0,268.32,6.4,0.696,26.66,15.77,147.29,5.1,104.5,1.35,0.3,0,0,0.0,grand_growth,1.0,0
2025-05-13,20.65,18.32,68.0,268.22,6.44,0.676,27.91,14.48,145.44,8.4,137.5,0.91,0.1,0,0,0.037,grand_growth,1.0,0
2025-05-14,24.09,22.15,71.2,268.6,6.32,0.6,26.92,15.0,167.72,0.0,153.5,1.83,0.2,0,0,0.013,grand_growth,1.0,1
2025-05-15,22.36,20.28,72.6,268.11,6.32,0.801,23.2,14.25,160.04,32.8,124.4,2.17,1.2,0,0,0.011,grand_growth,1.0,0
2025-05-16,19.26,17.27,65.7,268.98,6.34,0.59,33.67,17.26,149.48,25.1,119.5,2.09,2.1,0,0,0.018,grand_growth,1.0,0
2025-05-17,22.0,20.36,72.8,269.87,6.37,0.628,28.84,14.97,155.11,8.6,145.1,1.76,0.7,0,0,0.021,grand_growth,1.0,0
2025-05-18,21.07,18.79,74.6,270.4,6.33,0.559,28.75,13.3,168.6,0.9,140.6,1.58,0.7,0,0,0.012,grand_growth,1.0,0
2025-05-19,22.97,20.84,70.7,271.61,6.41,0.667,34.19,15.23,157.41,25.6,137.8,0.97,1.0,0,0,0.03,grand_growth,1.0,1
2025-05-20,21.09,19.96,76.5,271.75,6.39,0.646,28.2,11.5,157.43,30.2,158.2,2.02,1.7,0,0,0.024,grand_growth,1.0,0
2025-05-21,21.99,19.99,65.7,273.01,6.27,0.675,27.05,14.1,154.36,35.9,125.9,1.97,6.1,0,0,0.012,grand_growth,1.0,0
2025-05-22,22.82,20.72,63.7,272.87,6.35,0.548,28.82,14.35,152.89,3.8,142.8,0.79,0.1,0,0,0.015,grand_growth,1.0,0
2025-05-23,23.35,21.4,61.5,274.46,6.4,0.689,26.03,14.03,171.04,28.0,121.2,1.67,3.3,0,0,0.005,grand_growth,1.0,1
2025-05-24,20.96,18.87,74.4,276.82,6.3,0.591,30.39,13.29,175.44,24.8,111.8,1.83,3.0,0,0,0.007,grand_growth,1.0,0
2025-05-25,22.1,19.67,71.0,278.12,6.31,0.623,28.17,12.23,154.63,35.4,125.0,1.96,1.3,0,0,0.024,grand_growth,1.0,0
2025-05-26,22.02,19.42,68.0,279.53,6.29,0.675,27.69,12.53,174.22,31.5,118.8,1.37,2.6,0,0,0.012,grand_growth,1.0,0
2025-05-27,21.9,19.44,69.2,280.55,6.29,0.64,27.36,13.82,159.55,33.5,119.2,0.89,1.4,0,0,0.038,grand_growth,1.0,0
2025-05-28,24.9,23.42,63.5,281.45,6.23,0.642,28.75,11.95,168.18,34.0,158.7,1.09,3.0,0,0,0.021,grand_growth,1.0,0
2025-05-29,23.36,20.99,77.6,280.38,6.24,0.664,29.24,16.24,175.64,7.6,122.4,0.77,0.6,0,1,0.006,grand_growth,1.0,1
2025-05-30,21.46,19.37,68.2,280.44,6.31,0.644,27.35,9.58,163.65,10.1,111.3,1.33,0.5,0,0,0.009,grand_growth,1.0,0
2025-05-31,24.17,22.59,68.0,280.85,6.38,0.604,27.76,13.01,162.64,5.9,127.8,1.2,0.1,0,0,0.031,grand_growth,1.0,0
2025-06-01,25.72,23.55,70.3,286.69,6.27,0.612,28.51,13.61,172.11,33.1,128.9,2.62,11.6,0,0,0.019,grand_growth,1.0,0
2025-06-02,24.51,22.89,69.2,288.82,6.27,0.63,28.12,14.16,157.26,35.1,95.9,1.86,3.8,0,0,0.03,grand_growth,1.0,0
2025-06-03,21.55,18.62,68.1,288.51,6.38,0.573,28.68,11.98,175.75,3.0,117.4,1.89,0.6,0,0,0.016,grand_growth,1.0,0
2025-06-04,22.89,20.81,63.9,289.04,6.24,0.666,26.48,15.01,168.14,25.1,115.6,1.58,2.2,0,0,0.014,grand_growth,1.0,0
2025-06-05,25.09,23.14,68.8,295.67,6.21,0.63,31.44,11.17,162.8,41.6,119.1,1.06,13.4,0,0,0.031,grand_growth,1.0,0
2025-06-06,22.82,20.83,74.3,299.5,6.24,0.618,28.63,12.37,163.01,40.4,140.8,1.11,9.2,0,0,0.011,grand_growth,1.0,0
2025-06-07,24.3,21.31,72.0,299.82,6.25,0.673,26.74,14.1,157.19,46.9,125.4,1.15,2.3,0,0,0.025,grand_growth,1.0,1
2025-06-08,24.8,23.52,72.9,312.79,6.19,0.606,29.2,14.68,164.37,48.7,152.0,1.36,26.3,0,0,0.018,grand_growth,1.0,0
2025-06-09,22.86,20.35,64.3,316.64,6.27,0.602,27.85,10.97,166.95,27.9,120.4,1.47,7.2,0,0,0.029,grand_growth,1.0,0
2025-06-10,24.0,22.2,62.3,322.32,6.32,0.586,22.78,16.99,160.97,33.0,164.4,1.22,12.5,0,0,0.038,grand_growth,1.0,0
2025-06-11,20.29,18.29,65.6,325.68,6.2,0.626,28.92,11.63,169.49,50.1,107.9,1.04,9.0,0,0,0.016,grand_growth,1.0,0
2025-06-12,23.05,21.65,66.2,327.57,6.27,0.624,24.75,10.96,174.02,34.8,99.6,0.84,5.7,0,0,0.015,grand_growth,1.0,0
2025-06-13,24.08,23.39,70.2,333.16,6.28,0.574,30.52,13.63,168.9,36.5,131.9,0.35,11.7,0,0,0.027,grand_growth,1.0,0
2025-06-14,22.99,20.21,58.9,343.93,6.26,0.598,26.89,12.31,176.29,25.9,151.8,1.95,21.9,0,0,0.009,grand_growth,1.0,0
2025-06-15,26.55,24.16,71.7,346.37,6.27,0.573,29.87,12.03,164.89,35.9,82.7,2.49,5.5,0,0,0.036,grand_growth,1.0,0
2025-06-16,22.97,21.09,64.8,354.38,6.26,0.57,25.54,13.62,179.74,46.6,111.7,1.87,15.9,0,0,0.034,grand_growth,1.0,0
2025-06-17,24.27,21.6,63.6,355.61,6.21,0.518,27.55,10.39,173.04,42.7,100.9,0.39,3.3,0,0,0.01,grand_growth,1.0,0
2025-06-18,25.05,23.52,61.1,372.94,6.32,0.592,30.87,10.07,184.77,31.3,119.2,1.6,35.1,0,0,0.004,grand_growth,1.0,0
2025-06-19,26.73,25.24,58.4,373.72,6.31,0.518,26.34,11.68,192.06,32.6,115.4,1.73,2.7,0,1,0.008,grand_growth,1.0,0
2025-06-20,23.38,21.72,68.2,394.27,6.3,0.58,25.28,14.14,169.32,28.2,148.4,0.87,45.2,0,0,0.009,grand_growth,1.0,0
2025-06-21,26.6,24.74,65.0,395.56,6.29,0.572,28.92,11.64,169.98,29.9,111.6,1.39,1.3,0,0,0.028,grand_growth,1.0,0
2025-06-22,25.32,24.14,59.4,396.74,6.15,0.655,28.76,14.82,171.76,23.5,148.3,0.81,5.2,0,0,0.035,grand_growth,1.0,0
2025-06-23,24.24,21.54,59.3,402.25,6.28,0.551,25.11,14.17,178.81,34.5,105.6,1.99,12.3,0,0,0.028,grand_growth,1.0,0
2025-06-24,26.07,24.11,63.0,413.38,6.26,0.563,20.7,12.75,184.95,44.1,136.3,1.28,23.2,0,0,0.518,grand_growth,1.0,0
2025-06-25,25.86,23.41,70.9,428.1,6.15,0.582,24.73,12.78,169.42,37.1,118.5,0.51,30.8,0,0,0.323,grand_growth,1.0,0
2025-06-26,25.0,23.53,63.0,442.85,6.21,0.572,28.49,12.64,177.99,43.2,155.7,1.45,27.5,0,0,0.111,grand_growth,1.0,0
2025-06-27,25.91,22.81,57.9,448.44,6.23,0.669,24.03,12.41,174.13,41.4,75.2,1.67,11.8,0,0,0.031,grand_growth,1.0,0
2025-06-28,25.46,23.45,62.8,448.8,6.3,0.543,26.22,11.57,180.44,31.7,82.8,1.14,3.0,0,0,0.024,grand_growth,1.0,0
2025-06-29,26.16,24.37,62.5,458.35,6.24,0.581,24.18,11.69,187.84,30.4,157.4,1.3,19.2,0,0,0.028,grand_growth,1.0,0
2025-06-30,26.92,24.36,52.7,468.62,6.16,0.617,20.26,10.41,174.1,30.7,93.0,0.97,21.2,0,0,0.013,grand_growth,1.0,0
2025-07-01,28.13,25.76,63.1,473.56,6.29,0.644,23.92,8.65,162.92,24.7,94.4,0.32,10.6,0,0,0.018,grand_growth,1.0,0
2025-07-02,24.85,22.86,62.3,476.63,6.2,0.581,27.87,13.57,182.47,35.2,89.0,0.9,4.1,0,0,0.027,grand_growth,1.0,0
2025-07-03,28.99,27.56,65.9,477.13,6.18,0.504,18.64,12.09,170.1,17.6,139.5,1.29,1.7,0,0,0.034,grand_growth,1.0,0
2025-07-04,24.19,21.57,70.4,478.09,6.18,0.593,26.4,11.82,175.84,38.5,79.2,0.89,3.2,0,0,0.014,grand_growth,1.0,0
2025-07-05,26.45,23.93,67.3,477.51,6.11,0.668,21.98,12.35,183.51,35.4,111.0,1.44,3.0,0,0,0.028,grand_growth,1.0,0
2025-07-06,27.44,26.11,61.6,480.85,6.18,0.615,27.26,10.46,179.8,37.8,103.7,0.72,8.1,0,0,0.013,grand_growth,1.0,0
2025-07-07,27.17,25.0,58.1,491.35,6.21,0.612,27.48,10.15,176.82,41.3,136.1,0.75,20.0,0,0,0.041,grand_growth,1.0,0
2025-07-08,26.18,23.71,72.7,495.14,6.16,0.548,24.72,11.18,173.22,36.2,96.0,1.44,8.7,0,0,0.016,grand_growth,1.0,0
2025-07-09,26.78,25.21,62.5,493.57,6.2,0.543,24.62,13.6,154.82,44.8,120.4,1.06,1.5,0,0,0.026,grand_growth,1.0,0
2025-07-10,26.53,24.24,62.2,500.24,6.13,0.603,22.61,9.75,183.78,38.7,80.7,0.68,15.2,0,0,0.022,grand_growth,1.0,0
2025-07-11,26.51,25.13,61.9,519.57,6.16,0.531,20.89,7.51,176.34,30.5,166.9,1.54,38.1,0,0,0.046,grand_growth,1.0,0
2025-07-12,28.33,25.94,62.7,523.7,6.18,0.642,29.91,10.62,190.64,33.6,104.0,0.5,8.6,0,0,0.022,grand_growth,1.0,1
2025-07-13,27.84,25.74,61.2,524.13,6.17,0.561,22.12,13.06,181.87,21.4,110.2,0.47,3.4,0,0,0.015,grand_growth,1.0,1
2025-07-14,26.67,25.24,59.4,524.19,6.08,0.602,29.32,8.7,174.5,29.6,151.4,0.0,2.1,0,0,0.026,grand_growth,1.0,0
2025-07-15,28.68,26.54,59.4,530.4,6.13,0.51,21.93,9.48,187.51,32.7,95.5,0.56,14.4,0,0,0.026,grand_growth,1.0,0
2025-07-16,28.06,26.51,61.3,544.27,6.23,0.585,25.98,11.59,188.31,38.3,151.9,1.67,30.0,0,0,0.018,grand_growth,1.0,0
2025-07-17,28.76,26.72,59.1,544.76,6.12,0.546,20.89,15.0,177.47,30.5,100.0,0.0,5.5,0,0,0.009,grand_growth,1.0,0
2025-07-18,28.63,27.82,58.3,546.81,6.14,0.49,25.77,9.06,188.88,27.5,127.2,0.3,4.1,0,0,0.015,grand_growth,1.0,1
2025-07-19,26.97,25.91,61.5,551.48,6.14,0.634,23.12,8.95,175.0,23.7,96.3,1.13,8.4,0,0,0.029,maturity,1.0,0
2025-07-20,27.38,24.58,59.9,557.86,6.22,0.69,23.06,11.51,180.81,31.4,76.8,0.0,16.3,0,0,0.003,maturity,1.0,1
2025-07-21,29.04,27.35,66.8,559.73,6.2,0.665,25.73,12.76,184.19,46.7,121.3,0.55,3.1,0,0,0.018,maturity,1.0,1
2025-07-22,28.96,26.47,50.1,563.92,6.17,0.643,22.39,9.97,185.98,36.6,127.1,1.54,9.8,0,0,0.03,maturity,1.0,0
2025-07-23,28.29,26.4,64.9,570.7,6.08,0.589,19.41,8.42,184.74,40.6,78.5,2.07,12.8,0,0,0.019,maturity,1.0,0
2025-07-24,28.54,26.58,65.5,576.99,6.14,0.651,25.88,11.46,177.17,29.6,103.9,1.02,13.8,0,0,0.042,maturity,1.0,0
2025-07-25,30.02,27.38,52.1,577.31,6.15,0.673,20.06,11.68,188.63,25.6,141.9,0.28,1.8,0,0,0.003,maturity,1.0,0
2025-07-26,27.86,26.49,58.9,578.25,6.08,0.62,24.94,13.38,178.92,27.7,127.2,0.26,2.5,0,0,0.01,maturity,1.0,1
2025-07-27,29.31,27.43,58.6,581.23,6.07,0.555,26.21,11.65,175.4,34.4,102.6,0.92,8.6,0,0,0.0,maturity,1.0,0
2025-07-28,28.49,26.32,54.4,589.24,6.2,0.59,22.07,11.86,175.54,23.0,97.9,0.99,15.4,0,0,0.04,maturity,1.0,0
2025-07-29,28.55,26.29,56.8,607.72,6.09,0.702,26.64,10.18,195.51,29.0,161.9,1.94,43.4,0,0,0.011,maturity,1.0,0
2025-07-30,30.21,28.29,55.4,607.51,6.19,0.614,24.44,14.19,174.06,31.5,77.3,1.4,1.6,0,0,0.0,maturity,1.0,0
2025-07-31,29.96,28.21,66.7,612.28,6.15,0.453,20.81,9.89,190.33,27.1,112.4,0.87,10.1,0,1,0.014,maturity,1.0,1
2025-08-01,30.02,27.95,63.3,615.06,6.12,0.547,27.01,9.52,170.9,22.3,77.7,0.61,7.8,0,0,0.006,maturity,1.0,0
2025-08-02,30.69,26.99,64.6,617.29,6.12,0.6,19.28,13.11,183.87,36.7,147.6,2.62,4.7,0,0,0.514,maturity,1.0,0
2025-08-03,29.22,27.23,62.3,628.84,6.02,0.675,21.48,8.14,182.31,35.3,115.0,1.19,22.2,0,1,0.32,maturity,1.0,1
2025-08-04,30.09,27.22,54.8,635.74,6.1,0.611,21.9,7.54,192.87,39.7,120.1,0.41,13.6,0,0,0.128,maturity,1.0,0
2025-08-05,28.97,26.84,57.1,640.53,6.16,0.678,24.24,10.45,174.62,28.3,185.4,0.67,14.0,0,0,0.018,maturity,1.0,0
2025-08-06,29.8,26.96,61.1,640.68,6.12,0.601,25.68,10.22,172.35,39.6,101.8,0.28,1.5,0,0,0.02,maturity,1.0,1
2025-08-07,29.33,26.48,54.1,643.44,6.09,0.53,25.4,9.84,178.8,44.2,160.9,0.0,5.2,0,0,0.014,maturity,1.0,0
2025-08-08,29.67,28.41,61.8,645.82,6.17,0.606,22.82,11.63,192.98,36.6,107.9,0.99,8.2,0,0,0.005,maturity,1.0,0
2025-08-09,30.33,28.14,57.9,650.34,6.07,0.649,21.22,8.74,172.51,31.3,112.4,1.87,9.3,0,0,0.002,maturity,1.0,0
2025-08-10,28.7,26.46,57.3,670.24,6.04,0.646,16.49,10.16,158.78,35.9,184.8,0.0,52.0,0,0,0.016,maturity,1.0,0
2025-08-11,32.26,30.55,61.5,671.23,6.08,0.572,17.94,9.48,179.87,31.1,115.4,0.83,5.5,0,0,0.021,maturity,1.0,0
2025-08-12,28.6,26.38,60.4,675.44,6.11,0.619,27.09,8.65,186.88,30.1,85.7,0.38,8.3,0,1,0.016,maturity,1.0,0
2025-08-13,28.41,27.67,57.1,681.48,5.98,0.773,16.2,9.86,171.05,39.1,127.7,1.11,12.9,0,0,0.002,maturity,1.0,0
2025-08-14,31.32,29.15,63.1,685.36,6.08,0.578,19.27,11.19,185.82,34.2,117.0,0.7,8.3,0,0,0.022,maturity,1.0,0
2025-08-15,30.94,29.16,54.0,689.1,6.1,0.675,24.97,13.05,170.62,42.2,131.2,0.0,10.5,0,0,0.036,maturity,1.0,0
2025-08-16,30.79,29.38,60.7,689.2,6.05,0.539,22.08,10.71,177.59,32.3,119.3,0.21,1.4,0,0,0.019,maturity,1.0,0
2025-08-17,30.85,29.81,60.6,694.08,6.11,0.689,24.15,6.04,184.63,33.0,178.8,0.31,14.0,0,0,0.014,maturity,1.0,0
2025-08-18,30.14,27.69,56.9,694.62,6.09,0.603,22.92,9.71,168.95,31.6,138.0,1.61,6.1,0,0,0.019,maturity,1.0,0
2025-08-19,29.13,26.88,59.4,698.64,6.16,0.669,25.62,9.81,179.73,28.3,97.9,1.58,9.1,0,0,0.009,maturity,1.0,0
2025-08-20,30.35,29.11,53.0,701.45,6.01,0.587,22.01,11.1,187.83,39.9,128.7,0.62,5.3,0,0,0.008,maturity,1.0,0
2025-08-21,29.49,27.98,61.6,702.83,6.09,0.668,23.04,9.94,181.71,48.1,106.3,1.55,3.7,0,0,0.025,maturity,1.0,0
2025-08-22,31.52,30.17,57.1,704.77,5.99,0.61,18.8,11.51,171.96,32.7,120.9,0.71,5.5,0,0,0.03,maturity,1.0,0
2025-08-23,30.22,27.4,55.7,708.52,5.96,0.621,22.66,10.19,189.68,30.9,105.2,0.62,9.2,0,0,0.019,maturity,1.0,0
2025-08-24,29.45,28.38,61.9,711.01,5.94,0.681,19.63,11.91,182.59,30.5,181.4,0.85,7.8,0,0,0.0,maturity,1.0,0
2025-08-25,30.1,27.64,54.9,719.51,6.07,0.64,19.39,8.88,162.22,30.9,112.3,0.99,18.8,0,0,0.024,maturity,1.0,0
2025-08-26,31.02,29.14,52.0,719.5,6.05,0.682,23.36,9.73,183.79,14.9,147.6,0.49,0.8,0,0,0.041,maturity,1.0,0
2025-08-27,29.89,27.8,51.4,718.97,6.01,0.656,23.31,10.73,172.07,30.7,123.2,0.84,1.0,0,0,0.018,maturity,1.0,1
2025-08-28,29.62,27.09,60.0,721.93,5.94,0.671,25.6,8.6,177.97,31.5,103.2,1.3,6.1,0,0,0.018,maturity,1.0,1
2025-08-29,30.93,28.08,52.4,727.97,6.0,0.692,25.34,8.25,184.22,27.6,138.0,0.91,13.3,0,0,0.011,maturity,1.0,0
2025-08-30,30.97,27.92,64.5,735.5,6.03,0.655,23.15,8.46,171.5,36.8,143.9,0.86,16.0,0,0,0.025,maturity,1.0,0
2025-08-31,30.1,28.17,49.1,737.46,6.07,0.624,15.17,8.25,162.46,34.6,148.8,1.14,3.9,0,0,0.013,maturity,1.0,0
2025-09-01,30.17,27.26,64.1,738.36,6.02,0.65,25.75,10.14,187.4,28.2,70.2,1.25,4.1,0,0,0.03,maturity,1.0,0
2025-09-02,31.05,28.36,58.2,743.91,6.04,0.739,22.96,6.58,184.39,29.6,105.8,0.82,11.6,0,0,0.013,maturity,1.0,0
2025-09-03,29.06,26.93,56.9,746.79,6.0,0.687,17.85,6.97,174.09,44.2,161.6,0.57,7.7,0,0,0.023,maturity,1.0,0
2025-09-04,29.13,25.55,55.1,753.27,6.11,0.641,22.27,12.08,181.32,35.2,115.5,0.98,13.7,0,0,0.02,maturity,1.0,0
2025-09-05,29.98,28.45,58.8,763.42,5.97,0.706,16.92,8.18,171.24,35.6,144.7,0.0,22.7,0,0,0.036,maturity,1.0,0
2025-09-06,30.61,27.17,57.0,765.23,5.98,0.711,21.83,9.54,174.66,35.6,109.1,0.75,6.5,0,0,0.024,maturity,1.0,0
2025-09-07,31.26,29.21,61.6,766.86,5.99,0.716,15.97,6.99,172.42,43.4,159.9,0.0,4.6,0,0,0.034,maturity,1.0,0
2025-09-08,32.68,30.69,57.6,765.77,6.04,0.644,17.44,9.34,170.61,28.7,165.9,0.0,2.5,0,0,0.021,maturity,1.0,0
2025-09-09,31.95,30.28,57.7,765.25,5.96,0.661,21.94,8.11,175.79,32.6,161.9,0.0,1.0,0,0,0.018,maturity,1.0,1
2025-09-10,30.75,28.72,55.6,763.52,6.02,0.664,22.98,6.82,162.91,4.0,170.5,1.53,0.6,0,0,0.02,maturity,1.0,1
2025-09-11,30.93,30.14,56.8,765.11,6.02,0.682,20.68,11.16,170.22,24.7,184.8,0.91,3.4,0,0,0.012,maturity,1.0,0
2025-09-12,29.76,27.89,58.3,775.34,5.98,0.729,18.8,10.91,174.4,29.5,117.4,0.16,20.2,0,0,0.025,maturity,1.0,0
2025-09-13,30.95,29.59,50.2,781.39,6.03,0.72,13.27,8.96,186.24,41.3,128.1,1.21,15.0,0,0,0.513,maturity,1.0,0
2025-09-14,30.64,28.2,51.6,783.19,5.96,0.726,18.94,10.61,161.83,39.6,171.3,1.52,4.4,0,0,0.321,maturity,1.0,0
2025-09-15,31.38,29.45,60.0,803.14,5.95,0.778,21.13,11.95,174.96,40.6,178.2,1.24,43.4,0,0,0.129,maturity,1.0,0
2025-09-16,30.0,28.93,57.7,805.03,6.01,0.747,18.53,10.21,175.46,31.5,134.2,0.83,3.7,0,0,0.036,maturity,1.0,0
2025-09-17,31.62,29.48,56.3,816.72,5.92,0.708,19.38,9.79,155.03,32.2,133.6,1.09,24.6,0,1,0.022,maturity,1.0,0
2025-09-18,32.84,30.95,57.1,831.24,5.9,0.658,18.85,9.36,172.94,24.3,137.0,1.5,29.6,0,0,0.029,maturity,1.0,0
2025-09-19,30.87,29.46,58.4,836.14,6.03,0.684,18.4,10.02,176.3,40.6,114.3,0.69,12.3,0,0,0.027,maturity,1.0,0
2025-09-20,31.48,29.03,54.8,837.13,6.06,0.709,19.56,8.49,173.57,41.6,123.7,0.99,3.4,0,0,0.016,maturity,1.0,0
2025-09-21,31.82,28.52,53.9,838.52,5.98,0.766,18.48,8.62,167.79,41.5,125.5,0.83,5.1,0,0,0.041,maturity,1.0,0
